{"gamma": 0.07142857142857142, "eta": 0.14285714285714285, "R": 50}