{"gamma": 0.07142857142857142, "eta": 0.14285714285714285, "q": 0.1, "mu": 0.004, "R": 50}