{"gamma": 0.02, "L": 0.0, "D": 0.14285714285714285, "hosp": 0.07142857142857142, "R": 20}