{"gamma": 0.01, "L": 0.01, "D": 0.14285714285714285, "hosp": 0.07142857142857142, "R": 100}