{"gamma": 0.07142857142857142, "xi": 0.003703703703703704, "R": 1000}